{
  "n_sites": 106,
  "n_utts": 10,
  "std_ratio_p05": 0.8631580471992493,
  "std_ratio_p50": 0.9968164563179016,
  "std_ratio_p95": 1.102266788482666,
  "std_ratio_min": 0.018046192824840546,
  "std_ratio_max": 2.717456102371216,
  "center_p05": -0.13985934853553772,
  "center_p50": -8.248518861364573e-05,
  "center_p95": 0.13910825550556183,
  "center_absmax": 1.1493775844573975,
  "frac_ratio_outside_0.8_1.25": 0.02428340158080183,
  "frac_center_abs_gt_0.5": 0.008808684887153605
}