{
  "n_sites": 58,
  "n_utts": 10,
  "std_ratio_p05": 0.7860555052757263,
  "std_ratio_p50": 0.9858367443084717,
  "std_ratio_p95": 1.146485686302185,
  "std_ratio_min": 0.2498638778924942,
  "std_ratio_max": 1.9831701517105103,
  "center_p05": -0.2652309834957123,
  "center_p50": -0.0003407152835279703,
  "center_p95": 0.2679256796836853,
  "center_absmax": 1.8547942638397217,
  "frac_ratio_outside_0.8_1.25": 0.07186330088779548,
  "frac_center_abs_gt_0.5": 0.036164295646593216
}