{
  "n_sites": 106,
  "n_utts": 10,
  "std_ratio_p05": 0.8499047756195068,
  "std_ratio_p50": 0.9985482096672058,
  "std_ratio_p95": 1.1242074966430664,
  "std_ratio_min": 0.02264220267534256,
  "std_ratio_max": 3.2240347862243652,
  "center_p05": -0.11812767386436462,
  "center_p50": -5.403275281423703e-06,
  "center_p95": 0.11603247374296188,
  "center_absmax": 1.5514400005340576,
  "frac_ratio_outside_0.8_1.25": 0.036558423007332634,
  "frac_center_abs_gt_0.5": 0.006213693933911056
}