{
  "n_sites": 58,
  "n_utts": 10,
  "std_ratio_p05": 0.7919902801513672,
  "std_ratio_p50": 0.9852473139762878,
  "std_ratio_p95": 1.1375253200531006,
  "std_ratio_min": 0.21468789875507355,
  "std_ratio_max": 1.976728916168213,
  "center_p05": -0.2258072793483734,
  "center_p50": -4.6405464672716334e-05,
  "center_p95": 0.2313840091228485,
  "center_absmax": 2.4979588985443115,
  "frac_ratio_outside_0.8_1.25": 0.06952080436410311,
  "frac_center_abs_gt_0.5": 0.028286447748422292
}